post_id,title,created_utc,author,tags,review_texts
1p0g6pl,Is the 14 still worth getting?,2025-11-18 08:18:02,water_white__,['Question❓'],I have always been an android user but I've never really been happy with the quality of the photos. I've thought about a camera but I think an iphone would make more sense as it can be used for many things. I did some research and found a refurbished iphone 14 (base model) for a very great price. My most important question is that is it still a reliable phone that's worth buying? My family isn't that rich and I don't want to buy it just so it can give up on me in a year. And also how's the camera? Does it have cinematic mode? I would use it mostly for car photography/videography so I wonder if anyone can tell me their experiences with it.
1p5wqve,New iPhone 14 Pro user here. Did I make a good choice?,2025-11-24 15:26:45,HyperionT800,[],"A few days ago I upgraded from a 128GB iPhone 13 Pro to a 128GB 14 Pro. (Standard 6.1 inch model). Even though the battery health is at 83%, I am happy with it. I chose it because of the extra years of iOS support, the Dynamic Island, and the 48MP main camera. Also because it was the last pro iPhone with a stainless steel frame. This phone is VERY heavy."
juv6tu,"I'm giving away an iPhone 12 Pro/Max/Mini to a commenter at random to celebrate Apollo for Reddit's iOS 14 update, plus the new iPhones, plus some cheer amongst COVID. Simply leave a comment and you're entered! Good luck, winner announced in 24 hours at 11 PM GMT.",2020-11-15 14:41:29,iamthatis,['Verified with moderators'],"WINNER HERE: [***GIVEAWAY ENTRY HAS NOW CONCLUDED. I'm in class now but will draw the winner tonight and post the results, stay tuned!***] ***[PART 3 is here, since we hit the comment cap on this thread: Hey, I'm the guy who builds [Apollo for Reddit]( an alternative iPhone app for Reddit that people on r/Apple have been really kind to in loving. I had a lot of fun working on the iOS 14 update with a ton of cool, customizable home screen Widgets, Picture in Picture video, and a bunch of other Reddit meets iOS 14 goodness, and now that all the new iPhones are out I wanted to celebrate it with a giveaway. (Who said those YouTubers get to have all the fun?) I did this giveaway [last year for iOS 13]( if some of you remember and everyone seemed to have a great time, so I figured making it an annual thing could be fun. ([Proof of winner]( Plus the people who use Apollo are all super nice and give me awesome suggestions all the time for making it even better so consider it a thank you as well. # What Do I Win? The winner gets their choice of any iPhone 12 model (Pro or non Pro, Max, normal sized or Mini) in any color and 128 GB capacity. Are you a BLUE person? RED? GOLD?! When this post is 24 hours old, at 11 PM GMT ([countdown]( I'll post in r/ApolloApp who the winner is, I'll also DM you for details and people will probably spam you as well. # Rules Simply check out this thread and comment and you're entered! Don't spam jibberish though please, and no multiple comments. If you're looking for an idea for a comment, tell me your favorite iPhone model of all time, or the first third party app you remember downloading. Account must have been created at the time of this post to prevent creating accounts just to enter. You do not have to download Apollo to enter, but it may give you extra luck who knows. # Apollo? iOS 14 update? Apollo is an alternative Reddit app for iOS with a focus on clean design and feeling right at home on iOS with a native design and adopting all the best, newest features, like Widgets, Picture in Picture video, super fast media viewer, and more. I started building it after finishing working at Apple in 2015 and have been working on it full time since. It's free to download and has over 100,000 five-star reviews, so [you should really check it out]( It's built solely by me, and I built it closely with community input to craft the best Reddit experience out there. Even if you're used to the official app, I think you'll really like the improvements Apollo offers to your browsing experience, even if it just [prevents you from getting Rick Roll'd]( # Do you have any pets? Yeah I have two cats named [Hugo]( and [Ruby]( They're great, I also get to pet my neighbor's dog Leonard sometimes who is really cute. Sorry I don't have a picture of him but picture a big black shaggy dog. # Thank You! Seriously, have some fun and best of luck! My whole job exists thanks to the kindness of this subreddit and community, so thank you and I'll do my best to continue to impress you with some more sick updates. :) \- Christian ***[PART 3 is here, since we hit the comment cap on this thread:"
juzv2f,"[PART 2] I'm giving away an iPhone 12 Pro/Max/Mini to a commenter at random to celebrate Apollo for Reddit's iOS 14 update, plus the new iPhones, plus some cheer amongst COVID. Simply leave a comment and you're entered! Good luck, winner announced in 24 hours at 11 PM GMT.",2020-11-15 19:42:39,iamthatis,['PART 2'],"WINNER HERE: ***[PART 3 is here, since we hit the comment cap on this thread: Hey, I'm the guy who builds [Apollo for Reddit]( an alternative iPhone app for Reddit that people on r/Apple have been really kind to in loving. I had a lot of fun working on the iOS 14 update with a ton of cool, customizable home screen Widgets, Picture in Picture video, and a bunch of other Reddit meets iOS 14 goodness, and now that all the new iPhones are out I wanted to celebrate it with a giveaway. (Who said those YouTubers get to have all the fun?) I did this giveaway [last year for iOS 13]( if some of you remember and everyone seemed to have a great time, so I figured making it an annual thing could be fun. ([Proof of winner]( Plus the people who use Apollo are all super nice and give me awesome suggestions all the time for making it even better so consider it a thank you as well. # What Do I Win? The winner gets their choice of any iPhone 12 model (Pro or non Pro, Max, normal sized or Mini) in any color and 128 GB capacity. Are you a BLUE person? RED? GOLD?! When this post is 24 hours old, at 11 PM GMT ([countdown]( I'll post in r/ApolloApp who the winner is, I'll also DM you for details and people will probably spam you as well. # Rules Simply check out this thread and comment and you're entered! Don't spam jibberish though please, and no multiple comments. If you're looking for an idea for a comment, tell me your favorite iPhone model of all time, or the first third party app you remember downloading. Account must have been created at the time of this post to prevent creating accounts just to enter. You do not have to download Apollo to enter, but it may give you extra luck who knows. # Apollo? iOS 14 update? Apollo is an alternative Reddit app for iOS with a focus on clean design and feeling right at home on iOS with a native design and adopting all the best, newest features, like Widgets, Picture in Picture video, super fast media viewer, and more. I started building it after finishing working at Apple in 2015 and have been working on it full time since. It's free to download and has over 100,000 five-star reviews, so [you should really check it out]( It's built solely by me, and I built it closely with community input to craft the best Reddit experience out there. Even if you're used to the official app, I think you'll really like the improvements Apollo offers to your browsing experience, even if it just [prevents you from getting Rick Roll'd]( # Do you have any pets? Yeah I have two cats named [Hugo]( and [Ruby]( They're great, I also get to pet my neighbor's dog Leonard sometimes who is really cute. Sorry I don't have a picture of him but picture a big black shaggy dog. # Thank You! Seriously, have some fun and best of luck! My whole job exists thanks to the kindness of this subreddit and community, so thank you and I'll do my best to continue to impress you with some more sick updates. :) \- Christian ***[PART 3 is here, since we hit the comment cap on this thread:"
jv6f78,"[PART 3] I'm giving away an iPhone 12 Pro/Max/Mini to a commenter at random to celebrate Apollo for Reddit's iOS 14 update, plus the new iPhones, plus some cheer amongst COVID. Simply leave a comment and you're entered! Good luck, winner announced in 24 hours at 11 PM GMT.",2020-11-16 05:05:56,iamthatis,['PART 3'],"WINNER ANNOUNCED: ***Hmm doesn't look like the third giveaway thread has been indexed by the PushShift API (basically a Reddit research API that makes bulk analysis easier) yet which is required for my script, so I'm just gonna try again in the morning (the other 2 have been at least).*** [***GIVEAWAY ENTRY HAS NOW CONCLUDED. I'm in class now but will draw the winner tonight and post the results, stay tuned!***] ***[Here's thread 3 (THREE!), we blew past that silly Reddit comments per thread limit]*** Hey, I'm the guy who builds [Apollo for Reddit]( an alternative iPhone app for Reddit that people on r/Apple have been really kind to in loving. I had a lot of fun working on the iOS 14 update with a ton of cool, customizable home screen Widgets, Picture in Picture video, and a bunch of other Reddit meets iOS 14 goodness, and now that all the new iPhones are out I wanted to celebrate it with a giveaway. (Who said those YouTubers get to have all the fun?) I did this giveaway [last year for iOS 13]( if some of you remember and everyone seemed to have a great time, so I figured making it an annual thing could be fun. ([Proof of winner]( Plus the people who use Apollo are all super nice and give me awesome suggestions all the time for making it even better so consider it a thank you as well. # What Do I Win? The winner gets their choice of any iPhone 12 model (Pro or non Pro, Max, normal sized or Mini) in any color and 128 GB capacity. Are you a BLUE person? RED? GOLD?! When this post is 24 hours old, at 11 PM GMT ([countdown]( I'll post in r/ApolloApp who the winner is, I'll also DM you for details and people will probably spam you as well. # Rules Simply check out this thread and comment and you're entered! Don't spam jibberish though please, and no multiple comments. If you're looking for an idea for a comment, tell me your favorite iPhone model of all time, or the first third party app you remember downloading. Account must have been created at the time of this post to prevent creating accounts just to enter. You do not have to download Apollo to enter, but it may give you extra luck who knows. # Apollo? iOS 14 update? Apollo is an alternative Reddit app for iOS with a focus on clean design and feeling right at home on iOS with a native design and adopting all the best, newest features, like Widgets, Picture in Picture video, super fast media viewer, and more. I started building it after finishing working at Apple in 2015 and have been working on it full time since. It's free to download and has over 100,000 five-star reviews, so [you should really check it out]( It's built solely by me, and I built it closely with community input to craft the best Reddit experience out there. Even if you're used to the official app, I think you'll really like the improvements Apollo offers to your browsing experience, even if it just [prevents you from getting Rick Roll'd]( # Do you have any pets? Yeah I have two cats named [Hugo]( and [Ruby]( They're great, I also get to pet my neighbor's dog Leonard sometimes who is really cute. Sorry I don't have a picture of him but picture a big black shaggy dog. # Thank You! Seriously, have some fun and best of luck! My whole job exists thanks to the kindness of this subreddit and community, so thank you and I'll do my best to continue to impress you with some more sick updates. :) \- Christian"
7ev6i4,"iPhone X, Pixel 2 XL, Note 8...a poor man's review",2017-11-22 15:15:58,Hawaiianhippie,[],"I am not a rich man. I can't just go out and buy a new piece of tech every day like all of my favorite YouTubers. There has to be research involved...I need to know what I'm buying will keep me happy for longer than the 14 day return period. So with 3 top-end phones in my crosshairs, the iPhone X, the Pixel 2XL and the Note 8, I drudged through pages and pages of reddit reviews, watched hours of video commentary and came to one conclusion: I have no idea what phone to buy, so why not try out all 3. Since I'm a man of limited means, I'd have to try them out one at a time. I started the upgrade process on my account, and set my sights on the first prize, the iPhone X. X-tra screen, X-tra pricey... The iPhone X is arguably the most beautiful slab of glass and stainless steel I've ever held in my hands. The weight of the phone lets you know you've spent money on something well built. I felt like when I had this thing out showing it off, I was the center of attention...usually because I was. It is a near perfect monument of what the path to the perfect iPhone has been for Apple. The screen alone almost makes the phone worth it, with its vivid, punchy colors and amazing brightness. The screen almost looks TOO good. Like you can reach in and touch the icons. The notch, while noticeable for about 3 minutes, just melts away. I only noticed it when a video zoomed in past its pillar boxes. Even then, the notch didn't seem to upset me. What did upset me was learning the gestures. Some of them make sense, swiping up from the bottom to close an app for instance. But others, like getting to the background apps, felt slow and clunky. And getting to the control center should be easier than it is. It's not a one handed operation, but I really feel it should be! Sure, if you have big hands like I do, you can stretch your thumb out. But if you have small hands, it's not going to be easy. What made iOS great in the past was its simplicity and intuitiveness. All of that seems to have been forgotten with the X and iOS 11. What has stayed simple though, is Apple's top notch bio metrics. FaceID sounds like a bigger gimmick than square hamburger patties at Wendy's. I mean, Android has had this for years, right? Wrong, FaceID was easy to set up and quick to unlock. The amazing subtle features that come with FaceID like hiding notifications on the lock screen until the phone recognizes you is just amazing. I liked that I didn't have to position my face in some weird pose or angle for it to work, either. It just worked and that's what Apple people know and love. Animoji's...while an even bigger gimmick, were fun to play around with and really showcases what that front camera is capable of. Speaking of Cameras, both cameras did great, the pics looked decently colored and I really love iOS's live photos with 3D touch. It's about the only thing I used 3D touch for and it's done well. The video recording was very well done, with 4k @ 60FPS being its biggest highlight. The only thing I thought that wasn't well done was the OIS...to be honest, I had to double check to make sure the phone HAD OIS because it didn't feel like it. Hopefully that gets fixed in a software update. Overall though, the cameras can hold their own with the best that Android has to offer. However, after using the phone for a little bit, I really felt cheated. I was not seeing the smooth as silk iOS I had been told of for many years. I was not getting top of the line battery life from a $1100+ phone. And as an android user for the last 6 years, things just felt clunky navigating around the OS. I missed things I've taken for granted for years like my notifications with LEDs, AOD, and setting my own default apps. Some of these things I could get adjusted to and I realize iOS 11 is going through a rough patch. But, all in all, it just wasn't feeling like I could justify purchasing the X and telling myself to adapt to my phone instead of my phone adapting to me. Let's go back to the Android basics, 2 XL style... Being on AT&T, I couldn't just go into the store and subsidize a Pixel 2 XL. That alone bugs me. I HATE carrier exclusive phones. Yes, I know, I can buy the phone direct from Google and that's good. But there's something nice about going to a carrier store, picking up the phone you want right there and walking out paying only sales tax (with a big bill later). Lucky for me, one of my friends owns a shiney new Pixel 2 XL and let me play with it for a day. Holy bananas, this phone is snappy...no, snappy isn't good enough. It's, it's...Google needs to invent a new word for how fast this phone feels. I've been on the Samsung train for most of my Android life, with the One+one and the Nexus 6 being the only two exceptions. I honestly thought that the whole skipping frames and sluggishness you read about on the ""I hate Samsung"" train that is r/Android was a bunch of nonsense. Even my S7Edge felt fine to me. No real slowdowns or anything. Nope... I was wrong. WAAAAAY wrong. The Pixel 2 XL felt like I had stepped out of a Toyota Corolla and into a Ferrari. My friend laughed as I scrolled through the app drawer for minutes just saying ""it's sooo smooth!"" From one Samsung fanboy to the rest of you out there, your phone is slow, you just don't realize it. The camera was the other area this phone just steps out into its own. I could not get it to take a bad photo to save my life. Putting it against my other co-workers iPhone 8, she was even blown away by how the photos looked just like real life. I briefly tried out the video functionality and cannot figure out how this camera manages to make better videos than phones with dual lens setups and OIS on everything except the user itself. My only complaint about the camera was I didn't have a lot of shooting mode options. Everything was very basic, with just a couple of modes. Google keeping it simple for the user definitely works for a lot of people, but I do like having options like a manual mode. The Pixel 2's biggest controversy since its release is its less than stellar screen. Once again, coming from Samsung and even playing with the iPhone X, I think I'm a pretty good judge when it comes to OLED displays. I have almost nothing bad to say about the 2 XL's display. The blueshift on the phone I tested didn't stand out to me as anything bad and really felt overblown especially when looking at other OLEDs. I checked for light bleed and didn't see any. And while my friend's 2 XL is only a week old, I didn't see any burn in or image retention, but he does keep the brightness in check so as to not suffer the wrath of the burn in gods. Speaking of brightness, this seems to be my only gripe with the screen. At max brightness, it just barely seemed to hang in there especially in direct sunlight. While I could see what was on screen, dark colors just merged together and details can't stand out. Out of the 3 phones I tested, this was by far the darkest screen. Its great for indoors, but I wasn't overly thrilled taking it outside. Now, I fully admit I don't get the religious ""Pure Android"" or nothing attitude I see on Reddit. I think OEM skins aren't just nice, but vital to forcing Google to incorporate the best of each skin into new iterations of Android. AOD, Multi-app display and a ton of other features in Android are thanks to LG, Samsung and all the others out there pushing the limits of their vision of Android. That being said, simple Android is pretty easy to use and I'd even argue maybe even easier to use than iOS lately. After tinkering with the 2 XL, I can definitely see the appeal, but I do and always will love feature rich skins that provide users with an even more engrossing and productive experience. A noteworthy experience, but can it last? My final phone tested was the Samsung Galaxy Note 8. This phone is so big, I had to get permits from the city just to let me put it in my house! I kid, but while expensive, the Note 8 will at least leave you with the feeling you got a LOT for your money. And you really do, too! That pen just keeps getting smarter every iteration of the Note line. With it being able to do text translations and live messaging, it's a g̶i̶m̶m̶i̶c̶k̶ feature that I kept finding myself going back to. I was looking for excuses to pull out the pen and do new things on the screen...that gorgeous, beautiful screen. Picasso once said ""Some painters transform the sun into a yellow spot, others transform a yellow spot into the sun."" Samsung has managed to create not another copy of an OLED display, but ""THE"" OLED display for others to copy. What the Note 8 lacks in fluidity (and it does), it makes up for in the most stunning display and feature rich experience in all of the 3 phones I tested. From app pairing, to cutting out sections of the screen, drawing notes and then texting them faster than it took for me to write this sentence, the Note 8 has abilities that would make a swiss army knife blush. I was finding new things to do with the phone every time I picked it up. It's almost overwhelming! And therein lies the problem with Samsung vs. Android purists. Samsung weighs itself down with a constant influx of features at the expense of ram and processing power. THANKFULLY, I'm happy to say that the Note 8 experience was a smooth one. Not NEARLY as smooth as the Pixel 2 XL, but Samsung has made ungodly strides in improving performance and it shows in the Note 8. That's not to say there weren't the occasional frame drop here and there, now that I know what to look for with my Pixel experience. I can hear what you're thinking, ""Smooth now, but give it a month or two..."" and I would agree with you. My Galaxy S6+ was probably the worst offender in recent memory. However, I was able to compare the new Note 8 in my hand to another coworker's Note 8 they've had since launch. Everything seemed to be identical in terms of smoothness and the benchmarks were practically the same. I tried to break both phones, bogging them down with running apps, music and video. But to my surprise, both phones held steady. What didn't hold steady was the battery life. I found it to be just barely ok. I think that with quick charge, we are becoming accustomed to fast charging top offs at the expense of sub par battery life. Samsung really needs to address this in the next Note phone because a productivity phone that you use during the work day SHOULD be able to get you through the work day without the feeling of panic by 2 PM. I hope Samsung shakes off the PTSD they gained from the Note 7 disaster. We need battery innovation and the Note 8 is a great example of why. Camera wise, the Note 8 took great photos for a normal guy like myself. But the iPhone X did a better job and the 2 XL blew both of them out of the water. The one area I felt the Note 8 shined over the other 2 was in video recording. The image stabilization was excellent on the Note as well as the recorded sound quality! While the iPhone X's recorded sound was very quiet and the 2 XL's was very tinny, the Note 8 had a very good balance of audio quality and ambient noise reduction. This surprised me since I didn't think Samsung cared about sound because the Note comes with a single bottom firing speaker...it’s 2017 Samsung, stereo speakers are a thing! I’m sorry for yelling, Samsung...please don’t kill off the headphone jack. Ok, Ok...TLDR, what did I pick? While beautiful, I couldn't get myself used to the Apple ecosystem so the X was out. The 2 XL can't be purchased/subsidized through AT&T's Next program and I refuse to switch to Verizon so that was out. Which leaves me with the Note 8. I loved all three phones for plenty of reasons and you CAN'T go wrong with any of them. The iPhone X is a beautiful...BEAUTIFUL work of art, the Pixel 2 XL is a purist dream come true that is faster than any phone I've ever played with and the Note 8 is a treasure trove of features and a display that will melt your eyes with its beauty. I count myself lucky to live in an age of these beautiful devices and am fortunate to be able to own one! EDIT: Thank you so much for the gold! EDIT2: Fixed spelling errors and ""carrier skins"" to ""OEM skins"" thanks u/exelero88"
1o4jkno,2 month Z Fold 7 review from the iPhone user for 17 years. Best device I ever held in hands in years. It’s just incredible,2025-10-12 01:17:11,therealpharmacist,[':edit: Impression/Review'],"I don’t usually post reviews or get too lazy to type a prompt or a story. I have been an iPhone user since 2008, I had Galaxy S4 for a brief moment in 2013-2014, then Z Fold 4 and S24 Ultra as secondary devices, but they have barely been used. I was still choosing iPhone. Z Fold 4 was a cool device to test for few days and then I put it aside for three years till the contract was over. S24 Ultra was used only few times also. Then, Z Fold 7 presentation came. I fell in love with pictures from the presentation and wanted to see it in person. When I saw it in Samsung store, I fell in love with it. Thin, beautiful, and my favourite color blue. And literally is my favourite variation of a blue color. First few weeks, I still came back to iPhone, but then the magic started happening. The photos app is incredible, easy to use, organise photos, every picture feels more real and it makes me want to edit and organise them. For some reason I take less screenshots of unnecessary info like I did on iPhone. The camera is more grainy at times, but the colors and the portrait mode is just fantastic. We took some real photo shoots with friends. I am glad there’s Apple Music app for Android, I can’t live without it. iMessage and blue bubbles is such a silly thing by the way. Haptics, sounds are amazing. I had to spend a bit of time setting apps up and customising the Android, but once you do it, it’s incredible. Believe it or not, iOS became extremely complicated. I don’t understand all new tweaks, tracking, iClouds, etc. Photos app became complete garbage. iPhone 17 Pro looks very poorly designed after Johnny Ive’s departure and even more thick. The screen isn’t as bright and good. One UI is actually much simple to use and it’s so smooth and it never glitched. One UI is incredible and fast. I access apps way faster than I did on the iPhone. Swipe up for less usable apps and swipe left and right for the most common apps. The front screen is smaller than 16 Pro Max and I always wanted a bigger screen on the phone, but now I am in love with the screen size of the Galaxy. Smaller, yet colors are beautiful and it’s so bight. The crazy thing is that I am barely using the folded screen, but when I do it brings me a wow effect every time. The device is so thin and it feels as thin as 16 Pro Max. Squared design makes it even better to grip. It feels amazing to hold and has a charm among tech devices like it did with PSP, PS2, Nintendo DS, iMac, iPhone 4. I get way more work done, way faster to switch between the apps, everything is organised and all my emails are done. Face unlock is not good as Face ID, but it’s amazing that I have a cool super precise fingerprint that works much faster than Touch ID did. Galaxy Z Fold 7 is the best device in years and now I use it for 85-90% comparing to the 10-15% on the iPhone. Someone finally did it, a long-time Apple user with almost every product they released falls in love with Z Fold 7. I might sound biased but it is the best invention since iPhone 4 or X I would say. Apple User rate - 11 out of 10 Proud to be part of this family"
xe1owy,"Unboxing, First Impressions & Review Megathread | iPhone 14, 14 Plus, 14 Pro and 14 Pro Max",2022-09-14 06:13:41,exjr_,[],"Embargo has been lifted making this thread to links to the major media outlets unboxing/reviewing the Watch to curb the amount of threads and keep discussions in one place. **Updating as we speak** --- ### Reviews: * [The Verge - iPhone 14: Not so far out after all]( ([Article version]( * [The Verge - iPhone 14 Pro: early adopter island]( ([Article version]( * [MKBHD - iPhone 14 Pro Review: This Will Be Copied!]( * [CNET - iPhone 14 Review: The Middle Child of Apple Upgrades]( * [CNET - iPhone 14 Pro & Pro Max: An Upgrade in Every Way]( * [The Art of Photography - iPhone 14/Pro - The best camera system yet?]( * [WSJ - iPhone 14, 14 Pro and 14 Pro Max Review: Testing Apple's Latest on a Dynamic Island]( ([Article version]( * [Engadget - Apple iPhone 14 review: Not an upgrade year for most]( ([Article version]( * [Engadget - Apple iPhone 14 Pro and Pro Max review: Apple thrives on its dynamic island]( ([Article version]( ###First Impressions/Comparisons: * [Mrwhosetheboss - iPhone 14 Pro Max vs Samsung S22 Ultra CAMERA TEST!]( ###Unboxings: * [UrAvgConsumer - Massive iPhone 14 & 14 Pro Unboxing!]( * [Sara Dietschy - iPhone 14 & 14 Pro Unboxing - 48MP Camera is actually impressive]( * [Justin Tse - iPhone 14 Pro Max PURPLE - Unboxing & First Look!]("
1g5870n,From iPhone 14 Pro to pixel 9 Pro back to iPhone,2024-10-16 12:44:55,Bull3t1,[],"Sooooo guys ! Here is my review after switching from iPhone to pixel and back to iPhone. I feel like I didn’t give it enough time to grow on me since I ended up going back only after 7 days. Hear me out and see below the pros and cons based on my 7 days ownership. Pros 1. Love love love the design! Is sick! 2. The camera is on a different level for sure. Amazing picture taking 3. Android autoplay- like it a bit better than apple carplay since it is more customizable. Example, you can have notification taken off from popping up on the car screen. However, to silent them you can't do it through The pixel you need to go through the auto play in the car. Cons 1. Picture by picture videos don't have the rewind or forward tabs on it unless you do a double screen 2. The back gesture is sometimes annoying when pressing to go back. Has to be a hard press 3. I find that the notes app for google is pretty trash. Very unorganized 4. Face id at night is a no go and also when you're wearing sunglasses 5. When a viewing a picture or video you cant just swiped off it, you have to X it out of it 6. I feel like the battery doesn’t last as much as an iPhone 7. The camera lenses when zooming in and out is very very laggy To conclude, I know all the cons sound like annoyance of mines and since I’ve been using an iPhone since 2008 and I should had probably given the pixel more than just 7 days. Hope this helps anyone on the fence to switching. The pixel is a great phone, just not for me ( at the moment )"
1l0n630,14 Months in Review and Why I’m Quitting the Ring,2025-06-01 04:56:16,Whole-Salamander4571,['Reproductive Health'],"Hello fellow Oura users! I decided this weekend to stop my 1+ year of wearing the Oura ring (with no skipped days!). Because there are so many posts with folks questioning whether to get a ring and wondering about experiences, I thought an overview of my experience might be helpful or interesting to others. This is a bit of a novel (not AI assisted - I realize I could have used that to make this more concise, but I miss reading more authentic voices on this platform, but for me that means long, so my apologies, there is a very brief TLDR at end!), so thanks in advance if it’s interesting enough for folks to read through. About me: mid-40’s professional female married mom of one elementary aged kiddo. High-stress job with lots of computer screen time and meetings (virtual, in person), lots of social activities, regular exerciser, mostly vegan eater (+ fish and eggs) following a paleo-ish diet within those guidelines. The Good: 1. I learned a whole lot about my sleep cycles and needs, particularly around sleep hygiene I’ve been tired a lot of the past decade as a full time working mom to a young-ish child, and I wanted to better understand this. Turns out, from the start, I’ve had consistently very high sleep scores - a score under 90 is rare for me and usually only happens with travel and sickness. This was helpful to me as it assisted me with dialing in my sleep routine (early to bed seems to be a huge key for me, along with dark cool room, no caffeine after 11am, absolutely no alcohol), but also helped me to understand my fatigue goes a lot deeper than sleep (spoiler alert: I think a lot of it is stress paired with low level anemia). Actually a valuable insight for me, if that makes sense, to rule OUT sleep issues as the source of my fatigue. 2. I learned how important it is for me to break up activity with small movements throughout the day For many years, I have been prone to one big workout a day, followed by lots of screen/thinking time at work. Meetings as well, which tend to be sit down. I found very quickly how profoundly positive it is for my day for me to interject very regular movement, even if just walking around inside, taking a walking meeting, or similar. Those small bursts of movement give me energy throughout the day, and I had gotten away from that during Covid. I am much more mindful of moving more steadily all day, often even favoring that over one huge hourlong walk or workout (though, ideally, I do both). 3. Stress insights were invaluable There is a lot of debate over stress on this sub, and I get it, the ring’s feature here is confusing for a lot of folks. I learned my stress patterns, which when I reflected on it, felt very accurate for my body (if not mind). Lots of happy/good things also stress my body (concerts, social events, dinners out, even sometimes time with my son, which was sobering, but important for me to know). Sometimes seemingly “stressful” things, especially at work, don’t seem to tax my body at all while other things that I never would have identified as stressful, like my commute, absolutely do. This helped me significantly in understanding my deep need for solo downtime at night, and give myself both permission and forgiveness to “veg out” for an hour watching a show I like, or reading a book. During these times, my ring would reliably go to the deepest levels of “restored” and I learned how important this is for me. 4. Alcohol is a huge problem for my body Wow, it’s just so evident. I have cut down drinking from 2-3 times a week to maybe once a month, ideally only one day drink, and ideally only on vacation. I sort of already knew this, and it’s a bummer because I find cocktails and good wine to be very fun, but my goodness, is it terrible for my body and sleep! 5. Travel is largely very hard on my body I love travel. I do it a lot for personal and some for business. A long personal trip might let me bounce back, but short work trips or even vacations wreck my scores. The fatigue is real, so it all aligns, but it was really confirming to see it in the data. Airport hotel sleeps followed by early flights absolutely demolish me, so I’ve actually tried to alter flights to later in the day based on this (I knew it, but the data were compelling). I also often get sick during or after travel, and now it makes sense that my tired, stressed body is much more susceptible. The Scores: My highest-ever sleep score was 98. Was tempted to nap on those days to try to see 100, but ultimately didn’t care enough to make that happen. I generally get 1 hour 20 minutes to 2 hours of deep sleep, around 2 hours of REM, and 7.5-9 hours total sleep. I realize I’m really lucky and I do think my overall lifestyle plays a lot into this. It also confirmed for me our choice not to have a second baby (props to all the parents of newborns, I think I would have to remove my ring!). Activity was regularly 97-100 (for me, over 6 hours of inactive time always would make a 100 impossible, under that, and I usually scored 100). Readiness was always the thorn in my side. I’m guessing the highest ever for that was around 94. It was almost always due to my resting heart rate “lowering late”, which I’ll discuss below, in the bad. My cardio age was consistently -9 - -11.5. I attribute that largely to my mostly vegan diet since I was about 21 paired with very regular activity and movement. I noticed my cardio age would go down (a good thing) when I got in a lot of zones 2-4 cardio (usually corresponding to skiing and cycling). Weeks where I didn’t exercise as much in higher cardio zones, my cardio age would go up. YMMV. My Vo2 Max was only fair, the entire time, which I actually think is accurate despite regular fitness. Fast or high intensity cardio has always been a thorn in my side. I’m a slow runner and a relatively slow walker. I’m not putting a ton of stock in this, but find it interesting. I’m not particularly concerned, but I do consistently work in HIIT in similar. HRV averaged 52-59 Averages at night around 13.2 respiratory rate Sick mode: was pretty accurate for me, but always after it was already clear to me I was fighting something. Travel sometimes provoked minor or major signs that would resolve with a good night of sleep. Resilience generally hung out in excellent, sometimes strong, serious travel where I slept poorly and/or serious illness could bring me to the bottom resiliency levels in a few days, but it would take weeks to go back up to exceptional. Most of my dips to strong were during my luteal phase. The Bad: 1. The primary reason I’m leaving is Oura’s data gatekeeping. As a woman in perimenopause who tracked my temp for decades both to avoid and then to try to achieve pregnancy, and now very much to avoid, I want to see the actual temperatures so that I know with more precision what’s happening. It’s very frustrating not to see this while wearing a ring that tracks it. I feel similarly for illness. If you’re reading this, Oura: Please treat us like adults who can handle the data you track for us. Yes, of course I could go back to sticking a thermometer in my mouth every day but, really… 2. Further on data gatekeeping, the inability to alter naps is quite frustrating. Are they trying to prevent folks from hacking their scores? If so, why care about that? If someone chooses to do that, it’s confusing since you’re only deceiving yourself, but whatever. There are no trophies or prizes for high scores. I found it frustrating that sometimes naps would code in a really funky way that was incorrect on timing, and the only way to adjust was to decline it altogether or accept the incorrect data. Or, just as often, they wouldn’t track at all. Or if I was sick and had two naps, with an hour or two awake between them, it would link them, potentially actually decreasing my sleep score showing the awake time as awake for purposes of the nap. Not the end of the world, but annoying. 3. The ring drained my iPhone battery something terrible, particularly after an app update last summer. It was really frustrating and leads to a larger point. I am someone who is trying everything I can to be less on screens and present in my life. I found that the Oura caused me to be on my phone a lot more - first thing in morning to check my sleep, during the day to log activities and see stress, etc. Today was my first not waking up and checking my sleep score in over a year and it feels like freedom. I did debate using the ring in airplane mode for a few weeks to reduce this, but instead realized over the course of this week that I just want to be done with it altogether. 4. Sleep scoring formula: I feel like the formula is a little off. Specifically, the ring doesn’t give nearly enough negative weight, in my view, to awake time. I had countless nights where I woke up in the middle of the night with struggle going back to sleep (common development for women my age) or was up several times at night, would feel terrible, and get sleep scores in the 90s. It was really confusing at first. Or my kiddo would wake us up, and we’d be exhausted, but ring would tell me what a great night I had. I also feel the formula over-weights latency. For me, 15 minutes is actually pretty darn long, my happy place seems to be more like 6-8. 5. Resting heart rate. Mine is around 43-49 depending on where I am in my cycle (and side note, boy does the entire luteal phase do a number on me - that was fascinating to learn, including heart rate and stress). It often dips to its lowest within 2-4 hours of waking up, even if I ate literally 5 hours before going to sleep, no alcohol, dark room, all the things. App would consistently ask me if I ate late, or had alcohol or did exercise or had stress late, never seeming to “learn” this is my body. With heart rates that low, are we really worried that it was 45 at 2am and 44 at 5am? It was a little annoying to have repetitive unhelpful feedback on my screen. 6. Activity tracker. This wasn’t my primary purpose so I took it all with a grain of salt, but I overall liked the activity tracker a lot. I did find it literally wouldn’t pick up walking with a stroller (like 25K steps in Disney with a stroller my first month and it didn’t track it at all!). I guess kind of understandable, but must be annoying for parents of young kids using the ring (we only used the stroller at Disney, kiddo is otherwise older than that). Also, if I did housekeeping for hours - like prepping for a party, cooking, hosting, etc., it couldn’t seem to track that kind of sustained movement, despite my movement and heart rate being consistently raised for hours. It feels built to really accurately track short boosts of movement, like those an office worker might make to break up their day, but not sustained hours long movement. Not a problem, per se, but was always a little surprising on those days. Also, the calorie and movement trackers for tough hot yoga or hard Pilates classes were laughable (like in the zero cardio range and 66 calories for a tough 45 min class), but I didn’t focus too much on that. This raises another issue which is that my heart rate tends to run pretty low, and I’m not sure their zone 2 and MY zone 2 are the same. I’m not sure I have the expertise or need to customize that, but I’ve had personal trainers remark that it’s very difficult to get my heart into upper zones, so I always took the cardio zones with a lot of salt. 7. Guest mode, please. My husband and son both wanted to try the ring, along with my mom, but I did not want to mess up my metrics. This seems like such an obvious thing to do to hook new users. They’re all using it now for a night given that I’m done and don’t care about that, and then I’ll cancel my subscription (that fee, BTW, doesn’t bother me - I get why it bugs some users, but I get why they need it for constant development). 8. Tags are useless (as is their AI advisor). For me. I said what I said! I can see how they’re useful if you really stick through them and analyze the data on your own (I.e. I am sure I’d see luteal phase themes around fatigue, stress and more), but I found I didn’t need to tag to see those correlations. Props to those for whom tags are useful! Final Thoughts (also, TLDR) I am very glad I got the ring and used it every single day for a year. I learned a whole lot about my own body, lessons that helped me and I will take with me moving forward, particularly around going to bed early, mostly avoiding alcohol altogether (sad!), breaking up my day with lots of short bits of movement, and the deep impact of stress on my body. I am also very glad to have it off my hand and feel a bit freed. I will hang onto it for the future, as I could see wearing it for a few months if I ever felt the need to more closely attune/dial in to my body, especially if something felt different. Cheers to everyone on their own wellness journeys. It’s a tough world out there, good on you for taking care of yourselves."
1j5f9ni,"My experience with the new iPhone 16e so far, what I like/what I don't(Review)",2025-03-06 20:28:21,N2929,['Discussion'],"Well so far I have been playing with the iPhone 16e for a couple of days now and have to say it is actually cool for all the hate it gets but there are some slight downsides. Pros: \- Since the 16e has the same notch and size display as the iPhone 13, iPhone 13/13 Pro screen protectors do in fact work as I bought the Zagg one from Best Buy on sale and it worked and aligns pretty much exact with expected edge gaps like the 13 screen. \- Battery life is pretty good so far and is supposed to be the biggest battery in a 6.1"" iPhone so far. (Rumored to house a 4,005mah) so closer to an iPhone 14 Plus but not exactly and without the bigger body size. Also said to be bigger than the 12 Pro Max battery. \- Camera is actually pretty decent, I get almost the same Zoom that my current iPhone 15 gets and pictures/video turn out fine for non-pro photography captures! \- Houses a slightly downgraded A18 with one less GPU core but still plenty fast for Social Media, Streaming Video/Audio and normal games. \- USB-C ! I forgot Apple was doing USB-C on all new models and it's just so convenient when switching from a modern Android with USB-C. \- Software updates should be available for around 4-5 years so good support from Apple! \- The Apple C1 modem \- Supports: All of the main 5G NR Bands you need, All LTE bands you need. \- Supports up to 5G C-Band or n77 on Verizon and AT&T/ 5G SA on T-Mobile's n41/n71. \- Should support Boost's(Dish network's) Native network via 5G n70. \- Test's so far from other redditor's and myself show the C1 modem offers comparable performance to Qualcomm modems that support up to 5G C-Band only. In some areas it may do worse, in other areas it may do better. \- Same 8 Gig's of ram that the iPhone 16 has! Cons: \- Pricing: I see it, $599 is a turn off though get a Carrier deal and its well worth the lower price. \- After using the iPhone 15 I actually kinda miss Dynamic island. \- Unlike how the iPhone 13 Screen protectors and how they naturally fit on this phone, you WILL need a new case specifically for the iPhone 16e so you can protect it's one camera. iPhone 13 cases fit but too much camera gap on the back is somewhat exposed to higher risk of damage. \- Face iD is just like the 13 and 14 so it works fine but not as good and perfect as the iPhone 15 and 16 regular series. \- Sound via Bluetooth is kinda lower but this is more an iOS 18 issue than the phone it's self. \- Mag Safe for those who use it, Ive only used it once in my entire lifetime but it does at least have normal wireless charging. \- 60hz display, for me its not a problem but would be nice to have the option for higher refresh rate down the road. Note: My local Apple store made a comment that they sold more white 16e's than black ones. What do you think of my review? and what do you think in your own usage of the 16e?"
1pc0g75,Arc Pulse “The Glorious Swimsuit” Review for iPhone Air.,2025-12-01 21:38:34,No-Abroad-2615,[],"Yes, we all make fun of this bumper case. Bro it looks like a “swimsuit”, “it’s so ugly”, “so stupid”, etc. After using every premium thin case known to man from Pitaka, to Peel and Bare, nothing comes close to what this case provides. The Arc Pulse lineup is crafted from high grade aluminum, or you can pay more for Grade 5 titanium with tungsten carbide coating for the pro series (not available for Air). I know there’s many of us who hate cases, especially for the Air. Every one of them takes away from the beauty and thinness of the phone. Even cases 0.9mm thick feels off. Covering the beautiful polished grade 5 titanium frame of the air with plastic almost feels like a sin. Enter Arc Pulse. I have had one for all my iPhones since the 14 pro max. It’s sleek, and beautifully designed. The frames are attached through pressure fit with a rubberized part on the inside. It requires no glue. It’s impressive how tight they fit. With a bit of pressure with your thumbs they can be removed easily and attached. The dual layer of aluminum frame and rubberized internal allows for high shock resistance, graded for 10 feet drops. I personally never dropped my phones that high over the years but I have dropped many times about waist height (3 ft) and my phones never got damaged. The thick aluminum bumpers are emphasized on the corners and the front/back are raised quite a bit. Even with a screen protector on, it’s easily 2mm higher so your screen will never make contact with the surface. I also have an edge to edge screen protector and this fits just fine. My favorite part? Aesthetics. The beautiful polished frames are coated with a high scratch resistant coating so they stay beautiful for a long time, even from drops. The polished aluminum compliments the polished frame of the Air so well, seamless. Holding your phone, the case doesn’t get in the way and you’re still able to enjoy the thin form factor of the Air. Important for me, this doesn’t take away from the edge to edge immersion of the display. Cases always add a layer to the phone and make bezels look thicker. Best part? It’s only 17g heavy. So it does not add any noticeable weight to the phone. It’s even lighter than a paper thin Pitaka case. I ended up returning both my Pitaka cases and the Peel frost case I got. They all just feel meh compared to this combo. I know it isn’t for everyone, but I say keep an open mind and give it a shot. I hated this case for a year until I just wasn’t happy with any cases years ago, and now I get one every year. Let me more if you have ever had one before or would like to try it."
1hiha0w,"After 14 Years of iPhone, I Finally Switched to Android: My One-Month Review of the Pixel 9",2024-12-20 02:49:59,JoseCasDel,[],"Last month, after being a loyal iPhone user for 14 years, I decided to switch to Android and join the Pixel family. Now that I’ve spent a month with the Pixel 9, here’s my honest take. First off, I love it. The Pixel 9 is the best phone I’ve ever used. Its design and in-hand feel are incredible, and the software, UI, and customization options are amazing. That said, it did take me a couple of weeks to fully get used to it. Of course, the phone isn’t perfect, and there are some things I miss about the iOS experience. But overall, I’m very happy with the switch. Here’s a breakdown of the pros and cons: **Pros:** 1. **Android as an OS is incredible.** The customization, adaptability, and overall experience are smooth, responsive, and intuitive. I thought it would take me longer to adjust, but it didn’t. Compared to Android, iOS feels incredibly restrictive and even convoluted for the simplest tasks. Everyday actions like making calls, using notes, managing photos, or typing on the keyboard are streamlined and feel faster on Android. 2. **The camera is phenomenal.** It takes beautiful photos without weird colors, is fast, and feels hassle-free. The AI features, especially ""Add Me,"" are super useful—I use it all the time, and it always looks great. While I’ve heard some complaints about video recording on the Pixel 9, I haven’t recorded anything yet, so I can’t really comment on that. 3. **Battery life is impressive.** With regular use (12+ hours), 120Hz refresh rate, and no battery-saving mode activated, the phone easily lasts all day. It’s never gotten hot or even warm. I know some people have issues with battery and overheating, but I haven’t experienced any of that. 4. **AI features are actually useful.** From call screening to live transcription and photo editing tools, the Pixel’s AI features are genuinely practical. I’ve used most of them daily, and they’ve made my life easier in ways I didn’t expect. **Cons:** 1. **Some iOS features still haunt me.** After a long time with iOS, there are things I miss, even if they’re minor. For example, the ability to have both lock screen widgets and stackable widgets on iOS is so practical. It gives you more information at a glance. While Android has alternatives with launchers, I (like many people) don’t want to go through the hassle of setting them up. 2. **The clock app could be better.** I’m not a fan of the alarm system or the overall customization of the clock app on the Pixel. Sleep mode, in particular, feels a little funky to me—it could use some improvements. 3. **QuickShare is no AirDrop.** This one hurts the most. The ease and reliability of AirDrop are hard to beat, and QuickShare feels like a clunky substitute. The few times I’ve tried using it, it either didn’t work or was slower than simply sending things via text. **Final Thoughts:** Despite these small issues, the Pixel 9 is the best phone I’ve ever used. I love it and don’t regret making the switch from iOS at all. For anyone thinking about changing, I’d fully recommend it. **TL;DR:** After 14 years of using iPhone, I switched to the Pixel 9. I love the customization, incredible camera, and battery life, plus the useful AI features. I miss iOS widgets, AirDrop, and the clock app, but overall, the Pixel 9 is the best phone I’ve ever used, and I highly recommend the switch!"
1o9t1gb,Saying goodbye to my iPhone 14 Pro Max and moving to an Android.,2025-10-18 04:13:27,GothamRogue,[],"After being with Apple since the 3GS I’m going to take the leap to an Android phone. I’m strongly leaning towards a Samsung and in particular the S25 Ultra, but because I have been so heavily invested in Apple, I’m also a tad apprehensive. I’ve done a tonne of research - perhaps too much, and I’m at now second guessing myself, because some people say the camera on the S25 are on par with the iPhone, while other say it’s garbage. I know video isn’t so great on the Galaxy which is fine I don’t really do lots of video - but the photo quality does concern me. I like to have good, high quality photos. Or… do I keep my powder dry and wait till the S26 is released early next year. So, I guess my question is, will I need to prepare myself for a downgrade in photo quality, or am I getting bamboozled by too much review information and tying myself in knots?"
1fpum9h,"The iPhone 15 Pro has the lowest sentiment score of all iPhones since 2019, with the best being the iPhone 14 Plus in first place.",2024-09-26 05:09:48,eneskaraboga,['Discussion'],"A little background, I analyzed 1.1 million phone reviews for sentiment using AI and published it [in this post]( with details. It was my data analytics project for my MBA school. The full table with [all the data lives here]( It works like this: To gather data, I scraped 1.1 million Google Reviews using Puppeteer, which combined reviews from sites like Amazon and Verizon. A friend and I built the scraper in 10-15 hours. I cleaned reviews by removing those under 20 words, with emoticons, or irrelevant content. Reviews also had to mention one of the five categories. This eliminated 70% of the data, often due to complaints about delivery or second-hand sellers. Next, I used ChatGPT to count positive and negative mentions per category. The categories were value for money, camera, battry life, display, design and operating system. For example, ""loved the camera"" added +1 to camera, while ""not worth it"" subtracted -1 from value for money. I calculated a percentage score for each category, based on positive vs. negative mentions, and created a total satisfaction score. ChatGPT also helped me generate a table using DataTables.js, which I published on WordPress. -- When I checked the iPhone category, I saw that the iPhone 15 series got worse sentiment scores compared to the 14 series, especially the iPhone 15 Pro.Another interesting thing is that Plus models tend to have higher scores than Pro and Pro Max.When I read the reviews, I can see that this is mostly due to the value received for the money paid. People seem to be much more satisfied with Plus and don't think it's usually worth upgrading given the steep price increase. Note that these scores do not indicate whether one model is better than the other in terms of specifications. This is derived from the negative and positive mentions per category from the collected reviews. This is the sentiment of the people, not the specs."
1o5gnfv,Honest Review: iPhone AIR After 1 Week,2025-10-13 04:02:44,rmfwalnut,['Discussion'],"So, I decided to upgrade from my iPhone 14 Pro after 3 years, and initially, I was set on getting the 17 Pro. But after experiencing the iPhone AIR, everything changed for me. We’re living in a time where less social media is better. Less screen time is better. Less phone is better. And the AIR is the perfect device for people who want to spend less time on their phones without losing all the great features. I’m trying to cut back a lot on social media—no TikTok, no Facebook, less Instagram. Just X and Reddit. I still use WhatsApp, Safari, and YouTube quite a bit. After watching countless reviews from famous tech YouTubers, I decided to ignore them, cancel my 17 Pro order, and go for the AIR instead. After one week, here’s what I can say: Size and Feel: This is the best iPhone in years—since my 6S. It’s lighter, feels great in the hand, and the weight is perfect. It feels premium and super comfortable to carry around—you barely notice it in your pocket. The screen is the same as the Pro line: bright, sharp, and a joy to use. The size is ideal, and because it’s so thin, you can easily reach every corner with one hand. Super easy to use. Battery: More than enough for a full day. I get around 6–7 hours of screen time daily. Some days I only charge it to 80% to preserve battery health, and I still get 5–6 hours of usage. I wake up at 6 AM and usually charge it around 10 PM, with 10–20% battery left. I run for an hour every day using Strava and Spotify in the background, plus lots of time on X and WhatsApp. The battery is solid—very good. Camera: The camera is amazing. Sure, I miss the ultra-wide lens, but you get used to it. The video and photo quality are excellent for everyday use. I’m not a pro user and don’t post much on social media, so it’s more than enough for me. Speakers: I don’t understand the YouTubers who criticize the speaker quality. It’s not Pro-level, but I use it often to listen to music in the bathroom, and it sounds great. I don’t miss the sound from my 14 Pro at all. It’s more than enough. The iPhone AIR is a fantastic phone. A shift in perspective that only Apple can deliver."
y7croa,After seeing the reviews. Low key want to sell my iPhone 14 pro and get a pixel 7 pro.,2022-10-18 10:09:36,blernnn,['General'],The reviews are just too good. And if the battery holds up to what people are saying I might have to buy one. And do something with my 1tb 14 pro.
xefgjg,Pixel 6 Pro camera still holds up against the new iPhone 14 Pro (The Verge review),2022-09-14 15:33:06,saladfingers6,[],Example photo comparison Camera review part
1rvzf1u,iPhone 17 Pro flew out of phone mount riding a motorcycle + small review,2026-03-16 23:58:56,Zahmatsu,['Discussion'],"If you want to see what happens when an iPhone slams without a case on the concrete at 80 km/h, there you go. I have Apple Care + so I raw dog my iPhone, very happy with service from the Apple Store as they did not asked me to pay any replacement fee because I’ve been stuck with a dead phone for a while and had to buy a cheap Xs Max at some store while waiting to be back in a city where there is an Apple Store ( I was on vacation in Thailand, I live in France and could not do an express replacement as I was leaving 1 week later ) I asked them gently if they could do the swap for free as one of their official retailers could not help me in Samui, and they agreed. Brand new unit. Before that accident, I just want to say that Ceramic Shield on the 17 Pro is absolutely insane on regular use. The screen just won’t get damaged even with clumsy hands. Absolutely spotless, impressed my friends with 16 Pros as I was using it without protection for 6 months. The soft aluminium chassis chips and dents, yes, and I had some before the accident already, but it has that wonderful ability to tank the shocks and as a result to not transfer them into the screen / back glass. Plus I like having some patina on my device. And overall, what an iPhone it is. I had Xs Max, 11, 12, 12 Pro Max, 13 Pro Max, 14 Pro, 15 Pro, all second hand except the 13. The 17 Pro I had since new. The 17 Pro is the most well engineered iPhone of all time. This is one of the only generation where I believe I can say that it is perfect and god knows I’m very critical of my products. Power is insane, ( I video / photo edit on it ) cameras are insane ( I use them a LOT ) , thermal management is out of this world, battery life is exceptional and it charges quickly, speakers are great, and the overall solidity of the device is excellent, as the chassis basically act like a case and is very unlikely to leave you stranded after a big drop, compared to the titanium / steel that just transfers shocks into the screen / back glass. On my old one, I was still at 100% battery capacity after almost 300 cycles. Finally, the iPhone Pro lineup is delivering for power user and is not a fashionable item anymore ( even if I love how it looks ) and holding and using the hot dimming mess that are the 16 Pros of my friends reminds me how Apple got it right this time. iPhone Air gave us the best pros of all time. Not the running joke of « the best iPhones ever made ». Like this time it is actually true, physically and in its philosophy."
1npzif6,My yearly iPhone Week 1 Review!,2025-09-24 23:32:13,LaFlameHTX,['Discussion'],"As a tech freak that upgrades every year religiously on Release day, here’s my first week review of the 17 Pro Max: Color: First of all I’m IN LOVE with the Cosmic Orange color this year. I used to always get the same old Space Gray or Silver. I think this is my Second favorite color of all-time, after the 14’s Deep Purple, my #1! Battery: Every year the batteries continue to improve, except the 15PM, that was in my opinion the worst of all, a year to forget as it had the worst battery and health deterioration I’ve ever experienced. But this year it has been amazing. I unplug my phone by 7am to head to work, and get home around 5:30pm with no less than 75% juice left. I mainly use my phone for CarPlay jamming w/ my Apple Music playlists (thanks Verizon) listening to music on my breaks and lunch with my Sony’s 1000Xm5’s, scroll thru X, Reddit, IG, and watch videos on YT, and if I have a little extra free time, I play games on my phone. All of that in a span of 9 hours and it barely uses 25% juice. On the 16PM I would get home with 60-65% juice left. It’s ridiculously better. Idk what to do with so much juice left. Til this day I haven’t been able to drain it to 0%. Fast charging: this is a HUGE one. I’m obsessed with how fast this thing charges, that’s the one thing I USED TO envy from Samsung and others, until now. I bought the original Apple 40w charger and I kid you not, it takes me about 40 minutes to fully charge my phone from 30-100%. Sometimes I fall asleep early and forget to charge my phone overnight, so when I wake up to get ready to work I plug it in and it’s fully charged by the time I have to leave. My 16PM used to take 2+ hours to fully charge with the 20w Apple charger. No more slow ass charging thank the Lord! (I started writing this novel with 30% left and 20 minutes later it’s already at 89%!!) Software: iOS 26 has had a meh start, for the most part it’s cool and all, but it still has its glitches and bugs that hopefully will be patched soon. So it’s kinda early to see if it will improve, cause ya know, Apple. Performance: this phone is as smooth as it can get but at this point in time, I think we’ve reached a stage where it’s hard to notice the difference in speeds between this phone and the 16, so there’s no complaints or issues with that. Temperature/heat: this phone has only gotten warm once and that was the first 6 hours after breaking the seal, but duh, I have 300gbs of media files and stuff I had to download, plus the initial set up. But even then, thanks to the new thermal management and vapor chamber this thing doesn’t get nowhere near as hot as the previous generations. Even in my 100 degree city, Houston TX, does it get warm. I love it. I don’t have to let the phone cool down at any time. Bad for addiction, great for the experience. Scratch gate, etc: I personally always have a clear case and tempered glass with every new phone for the first 8 months until it’s close to upgrade time. So until now I don’t have any scratches or dents. I never drop my phone as I always hold on to it with my dear life. But Apple did respond and said it’s mainly due to the old MagSafes at stores that made it seem very easy to scratch. I don’t know. I just take care of my phones very well. This year due to those rumors and speculations I didn’t risk it and went all out with the Dbrand Ghost case which is clear, has a nice grip on the edges, and it’s allegedly seriously “anti-yellowing.” I also got their Prism tempered glass, which doesn’t have any missed or accidental touches in my testing stage. So far so grrrrreat. It feels like I have full coverage insurance… on my phone. Design: I love how the design is more round now, not squared and sharp like the previous generations. The few moments I’ve had it naked at home it feels so comfortable on the had and soft. I wished it was made out of titanium like the 16 to use it like that daily but you CAN’T have it all your way, gotta sacrifice some things for others, so regardless I love it. Display quality: honestly can’t say much about this as I don’t notice much of a difference from the 16 but it’s still amazing as long as it doesn’t look worse. As a conclusion, like Tim Apple says after every keynote “this is the best iPhone ever” (duh) and I approve this message! Any feedback, questions or things I might have missed, are always welcome on the comments section!"
xe55u6,2.5H more battery life of iPhone 14 Pro Max over 13PM!,2022-09-14 08:39:49,The_Hamiltonian,[],"&#x200B; [Looks like A16 in PM is more efficient indeed]( Source: [ Battery life comparison with older Pros (web-surfing - Tom's Guide reviews): 14PM - 14 hours 42 minutes 13PM - 12 hours 16 minutes 13P - 11 hours 42 minute 14P - 10 hours 13 minutes *Test involves continuous web surfing at 150 nits with 5G connection.* &#x200B; iPhone 14 Pro - a major battery life let-down, with less than 2 Hours of battery life compared to 13 Pro according to this review test: [ &#x200B; **EDIT 1:** Mrwhosetheboss battery test showing 14PM having 1.7H more battery compared to 14P. It is interesting to compare it to the results of last year, which shows just a bit worse battery life (7 minutes) between the Pros this year 2022 (iOS 16): [ 14 Pro Max - 9 hours 31 mins 14 Pro - 7 hours 49 minutes *Difference: 1 hours 42 minutes* 2021 (iOS 15): [ 13 Pro Max - 9 hours 52 minutes 13 Pro - 8 hours 17 minutes *Difference: 1 hour 35 minutes* &#x200B; **EDIT 2:** Another interesting conclusion of these two tests is that iPhone 13 has battery life that is 30 minutes worse on iOS 16 (7 h 15 mins) compared to iOS 15 (7 h 45 mins), which is also in line with the drop of battery life on the pro models compared to last year. Both phones were new for the test. Hopefuly Apple optimizes iOS 16 soon, because no feature is worth 30 minutes of battery life loss. **EDIT 3:** Direct comparison between 14P/PM and 13 PM, showing that 14PM is the king. We are still missing direct comparison to 13 Pro though: ["
1qwkr4f,iPhone 13 or iPhone 14? (For a first time iphone user),2026-02-05 05:05:19,istruberiberi,[],"Hi! I'm planning to buy an iPhone for the very first time sa Apple Flagship Store (Shopee), and i need your help po on what to choose between the two. Tho kaya ko pa naman i-stretch budget ko up to 30-32k max, kaya nasa 3rd option ko si iPhone 15. Pero baka sa Payday Sale pa ako mag-place order. 😅 Thank you so much po!"
1p18ixc,Is it worth upgrading from an iPhone 14 Pro Max to an iPhone Air?,2025-11-19 06:04:05,bikotzabi,[],"As an iPhone 14 Pro Max owner, I'm torn between whether or not it's worth upgrading from my iPhone 14 Pro Max to the iPhone Air. If you'd be so kind, I'd appreciate your advice and recommendations, based primarily on sound reasoning. If you've made the switch or tried it, I'd like to know your conclusions. I'm asking for your opinion, not based on reviews or simply because I don't like them. Those aren't helpful to me, thank you. Having a camera isn't really a problem for me, since the photos I take (which aren't many) are taken with the standard lens, not wide-angle or zoom. The battery life is perfectly adequate for my usage, so it wouldn't be an issue either. Perhaps the single mono speaker is the biggest concern for me, since even though I always wear AirPods, I often have to use the iPhone's hands-free device, simply for speed in urgent situations. Therefore, I don't know the real difference in performance in a normal street environment compared to my current phone. I would appreciate hearing different perspectives and experiences, if you have any and are willing to share them. Thank you for your time. Best regards."
1q2s2xo,My 2025 iPhone Collection review,2026-01-03 03:10:12,Cola_Windows,[':Fluff: Collection'],"Another brand new years here .This year I finally found a mint condition of iPhone 5 in iOS 6 .It is 32GB and silver which is identical to the specs of my first phone . Also , I started collecting some recent full screen iPhone ,for example iPhone X in iOS 11, iPhone XR in iOS 12,etc. And my past main phone of iPhone 14 Pro in iOS 16.6.1 also joined my collection fair too (a bit off topic here. This year I wish I can find an even better condition of iPhone 2G and 3Gs (the 3Gs battery barely won’t last for ten minutes and I can feel the battery is expanding.This also make it hard to take this photo as it will shut off itself when switching tasks).Also I am wishing I can find another iPhone 7 in iOS 10 and iPhone 8 Plus in iOS 11) and complete all the checkmate m8 compatible devices with their original iOS .Also the iPhone XS and Xs max in iOS 12 too."
1r24ooa,Should i go for the iphone 14 or the base s23,2026-02-11 10:05:23,rayyankhanisme,['Ask Teens❓'],Im confused in these 2 phones I play pubg and apparently the s23 offers me 120 fps while the iphone offers 60 I've been using the iph 12 pro but i find it really boring like you can't watch movies for free or use gcams or different stuff i hate it i prefer my lg g8 over the 12 pro tbvh if only The gaming performance was good on the lg anyways what would you guys prefer the s23 or the iph 14? And also if you got an s23 give me your review please need it urgently!!
1ng40li,Review - iPhone 14 Pro in 2025 (iOS 26),2025-09-13 10:52:21,Mendex2,[],"Hey folks, just got a second hand iPhone 14 pro yesterday, I restored it and put it on iOS 26 beta (public one), 96% battery health and I can assure you that it’s still a decent phone in 2025: 1. Performances, on iOS 26 everything is so smooth, no lags, no jumps, super reactive and again so smooth (might be due to 120hz) 2. Screen is decent (oled 120hz) 3. Camera is decent, for someone who doesn’t take a lot of photos but want really nice looking pictures it’s the perfect choice 4. Battery life, kinda disappointed for now cause I expected it to last longer (even if I had not enough time to try it all so I might be wrong and battery life could be reduced by iOS 26 beta and the phone indexing files (after transfered data, could this play a significant role ?) All in all it’s a decent phone to get in 2025, got mine for 524€ with the 60€ Apple case included."
1opewxy,What’s your review iOS 26 on iPhone 14 Pro?,2025-11-05 12:55:01,According_Series_400,['Discussion'],When iOS 26 first came out I immediately updated my phone but very soon I became disappointed by how much impact it had on my battery life and also my phone really overheated even when I wasn’t using it. I proceeded to downgrade it back to iOS 18 and everything seems to be great but now I’m thinking of going back to iOS 26 only if it’s better than my previous experience.
1o5njpx,Education is a choice,2025-10-13 08:53:38,Over-Yogurtcloset143,"[""your shit's all retarded""]",This is beyond ridiculous
1r4ku37,Review: OBSOLESS iPhone 13 USB-C case,2026-02-14 05:38:03,YellowMALM,['My iPhone'],"I just received the case in the mail and I love it! The texture feels great, the colors are amazing, and the overall experience is very smooth. The only two downsides are: * USB-C plugs don't go all the way in (see photo). * For right-handed users, it feels like the port is on the wrong side. Either way, I’d recommend it to anyone. I’m very grateful that someone took the effort to produce this item."
1rormv9,"iPhone widgets for WaniKani! I built an app, KanjiMado, that lets you place a widget on your home screen showing your critical WaniKani review items.",2026-03-08 22:27:06,mca62511,[],"It's available on the App Store [here]( Simply install the app, input an API key, and add the widget to your home screen. The list of critical items will update once a day, and the WaniKani item visible in the widget will update once every thirty minutes. You can also manually trigger a refresh of the critical items list if you want to."
1kntfl9,From iPhone 15 to Realme GT 6 – My 2 Month Review,2025-05-15 22:42:42,Future_Surprise_9180,['Reviews'],"Hey folks, Just wanted to share my thoughts after 2 months with the **Realme GT 6**, coming from the iPhone 15. Man... this phone blew my expectations away. # 🌟 First Impressions From day one, I was shocked. The **screen**, the **camera**, the **charging speed**—all absolutely insane for the price. * **Display**: Bright, sharp, super smooth. That 144Hz AMOLED is just gorgeous. It honestly makes the iPhone 15 display feel dated. * **Battery & Screen-on Time**: I’m getting around **14 hours of screen-on time**. FOURTEEN. That’s beast-level endurance. And with **120W charging**, it goes from 0 to full in around 25 mins. No more overnight charging stress. # ⚡ Performance * No stutters. No lags. Everything runs smooth as butter. Whether it's gaming, multitasking, or just everyday use, this thing handles it all. * Snapdragon 8s Gen 3 + 16GB RAM is a killer combo. # 📸 Camera & Video * The main camera is excellent. Great detail, color, and clarity. * What really surprised me: **video quality is on par with the iPhone 15**. I wasn’t expecting that at all. Stabilization is solid, dynamic range is good. This phone holds its own. 🔄 From iPhone to Realme I’ve used iPhones for years, and I still respect what Apple does—but this phone feels like a **breath of fresh air**. More freedom, more power, and way more value. Also, I just don’t like the **Samsung Ultra series** anymore—too bulky, too expensive, and honestly overhyped. The GT 6 gives you 90% of that flagship experience for half the cost. # ✅ Final Verdict Realme GT 6 is an absolute **beast**. Battery, display, performance, camera—it nails all of it. If you're tired of overpriced flagships and want something fast, clean, and reliable, this is it. Ask me anything if you're curious!"
1rwgyin,"iPhone 14, 15, 16 Pro Max, which is more worth it?",2026-03-17 12:38:29,Civil_Print4682,['Technology & Gadgets'],"Problem/Goal: Main use will be for camera/tiktok, so I want the best value for that purpose. Context: I don’t own an iPhone yet. My choices are between the 14, 15, or 16 Pro Max. Previous attempts: I’ve just been checking reviews and feedback, but still undecided. Choices: - iPhone 14 Pro Max – no issues akong nabasa - iPhone 15 Pro Max – grayish daw camera?? - iPhone 16 Pro Max – price is already close to the ip 17 pm For a first‑time iPhone buyer focused on camera/tiktok use, which one is the most worth it?"
1s9dii1,iPhone 14 vs iPhone 16e? (on a budget),2026-04-01 00:21:32,sweaterhoarder,['iPhone'],"Hi everyone! I’m currently an Android user looking to switch to my first iPhone. I’m on a tight budget, and based on pricing and availability in my country, my only options are the iPhone 14 (base model) and the iPhone 16e. Saving up for a higher model isn’t possible at the moment since I have other financial priorities. I’ve tried to list out my considerations: **iPhone 14 — what I like:** * Dual camera system (wide + ultrawide) * More affordable **What I don’t like:** * It’s already an older model * Uses a lightning port * Battery is weaker compared to the 16e **iPhone 16e — what I like:** * Newer model (likely longer software support) * Better battery (around 700 mAh more than the iPhone 14) **What I don’t like:** * Design looks a bit dated to me (similar to older models like the XR) * Only a single camera (even though it’s 48 MP) * More expensive, but the upgrades don’t seem that significant (at least based on reviews I've seen) One of my main priorities is having a decent camera for an upcoming trip, but I also don’t want to regret buying an older device. Given these trade-offs, which one would you recommend? Thank you so much!"
1kmi34b,[iOS] [Stock+] [Yearly Subscription $14.99 -> FREE] [Stock Market Heat Map App for iPhone and iPad],2025-05-14 08:28:58,thepinea,"['iOS Universal', 'iOS', 'Stock+', 'Yearly Subscription $14.99 -> FREE', 'Stock Market Heat Map App for iPhone and iPad']","Hey everyone, I'm an indie developer and building an iPhone and iPad. I'm developing **Stock+** which heat map and portfolio tracker for the stock market. With Stock+, you can track S&P 500, Nasdaq 100, Dow 30, ETFs, Commodities, and Cryptos. You can get quick overviews or deep dive into historical charts, key moving averages, and technical indicators. Currently, the app includes 518 stocks that are part of the S&P 500, Nasdaq 100, or Dow 30. Some stocks are listed in multiple indexes. In the short term, I plan to expand coverage within the U.S., and then include part of Canadian and UK stocks. If you're looking for a clean, easy-to-use tool to stay updated on the markets, I'd truly appreciate it if you give me a chance. I also manage a X account where I share daily updates. 📲 Download Stock+: [ 📢 Follow for updates on X: [ 🎁 How to Get a FREE 1-Year Subscription? 1️⃣ Open the App Store on your device. 2️⃣ Tap your profile icon in the top right corner. 3️⃣ Select ""Redeem Gift Card or Code"". 4️⃣ Tap ""You can also enter your code manually"". 5️⃣ Enter ""REDDITFREEYEAR"" and tap ""Redeem"". 6️⃣ Open the app and tap “Restore Purchase” if you see the “Premium” button. Or, simply use this link on your device: [ If you find this app helpful, I'd love your support. Simply share it with your friends or leave a kind review on the App Store. Your support means the world to me. 🧡 Thank you for your support. Don't forget to upvote and follow to X ☺️ 🧡 Best Regards, Kemal"
1e5rco8,My iPhone 15 review,2024-07-17 12:42:56,ToonieToonsYT,['Upgrade'],"**Introduction:** Hello, my name is Elie, and I have had an iPhone 15 for about a week now. This is my experience and here is my review. Over the past week, I have seen posts asking about what phone one should get, as they need an upgrade. I also know that for most people (as well as the mods) on the subreddit, it must get annoying to hear that same question over and over. I also understand that other reviews, albeit on YouTube, TikTok, blogs, and Reddit, may not give you the answers you are seeking, and only pointing out the little differences, catering to an audience that may upgrade from a 13 or a 14. **If you have an iPhone 12 or older, this is the review for you.** Having upgraded from an iPhone Xr, I want to highlight the noticeable improvements that have made my life tangibly easier. **Part 1: My reason for upgrading** My iPhone Xr was a good phone. It was good enough for college (in Quebec, we have 2 years of college in between university (3 years) and high school (grades 7-11)), as I was able to check my schedule, message teachers, and other academic stuff. However there were some issues: it was chronically laggy, basic multitasking was a struggle, apps crashed, load times were abysmal, the battery was significantly degraded, and storage was full, and most of it was iOS, documents for school, and apps that I use for school. So, with this in mind, I decided to buy a new phone. **Part 2: iPhone 15, and my first impressions** I was able to get a “preloved” iPhone 15 (black) from my carrier at a good price. It turns out that this phone is only 3 months old, and was used for a day (2 charging cycles when I first checked) before being returned by the previous owner. It had a tiny scratch that is barely noticeable on the frame, which is easily covered by my case. Holding the phone, it feels like a premium product. I can really see, and appreciate, the 17 years of history, and innovation behind the device. **Part 3: the changes, and improvements, on the iPhone 15** This part will have sub-parts touching on each noticeable change that I have experienced, and how it has improved my life. *Part 3.1: Dynamic Island* What the iPhone Xr, and iPhone X by extension, started, feels almost perfected on this phone. There’s a saying that is usually said sarcastically that goes “it’s not a flaw, it’s a feature”. While the notch does get in the way of your screen, it is also definitively Apple’s design. Whenever you see a phone with a notch, most people assume it’s an iPhone. For me, the Dynamic Island is incredibly useful evolution of the notch. Whenever I’m listening to music, I can change songs, pause, play, replay, rewind, etc, while I am scrolling through instagram, or trying to navigate on google maps or transit. When I’m calling my pharmacy, I can turn on speaker/mute while I’m looking for my prescription information, or add an appointment to my calendar while I’m on the phone with my doctor. When I’m navigating, I can see the route and ETA on the island while I’m letting my friends know when I will arrive to see them. Being in Quebec, Canada, whenever I’m asking for directions, but it’s difficult to understand, we can talk to the translate app on Dynamic Island, while I’m looking up the information the person is giving me. These little things have made my life tangibly easier. Sure, the Face ID may be distracting while watching content, and it does take up a lot of real estate on my screen, yet without sacrificing the seamless faceID unlock system, or camera quality, it uses that space effectively. *Part 3.2: MagSafe* MagSafe is to the iPhone as the picatinny rail is to modern firearms. Just like gun attachments, you can find many accessories that fits your phone. You can wirelessly charge, use portable batteries, wallets, phone stands, and mounts to the back of your phone, and use what you need. For me, I use MagSafe on phone mounts for photoshoots, as well as in my car for navigation and entertainment. Since my car is from 2004, it cannot use Apple carplay. The mount I had before was absolute shit. It would pinch my fingers, my phone would fall off whenever I went over uneven/unpaved roads, I would have to plug my phone in to charge, and I have to place it on a certain spot so it doesn’t press any buttons. The way I had to mount it wasn’t secure, and I would either have to block an AC vent or risk my phone moving one of my mirrors by pressing the buttons. However, with MagSafe, I can simply place my phone on the mount, fasten my seatbelt, start the car, and go. I don’t have to worry about it dying, falling off, hindering any functionality of the vents or mirrors. I once even drove over a speed bump at-speed accidentally, and the phone stayed on. Whenever I need to take photos, I can mount my phone on my ring light, and it’s ready. These are just 2 uses I have for MagSafe. The modularity of this system is excellent, and you can find an attachment that fits your needs and lifestyle. *Part 3.3: stereo speakers and the display* I’m putting these two together since most people use them together. I’ll start with the sound, and end with the screen. When I first played music outloud to test the Dynamic Island, I immediately noticed the improvement in sound quality. So basically, rather than just having speakers on the bottom of the phone, there are also speakers on the top of the phone, where you would put your ear when you make a phone call. By doing this, the quality of music improves, as there is more depth, and you can play music at a reasonable volume since the sound waves are travelling in more directions, making it more acoustically flexible (if that is the right term). You can hear a wide range of sounds, tones, notes, etc, making that shitty TikTok you’re showing your friend a tiny bit more funny. That TikTok is then complemented with the OLED display. Looking at it, the screen feels like the warm, cozy feeling of a bedside lamp or fairy lights in someone’s bedroom. The screen feels like it has room to show you what you want to see, the way you want to see it. Colours feel more colourful, videos and photos feel more immersive, darks are darker, and the quality is better than my own eyesight (albeit, I do wear glasses). The phone is as bright as you need it to be, when you need it to be. Whenever I’m driving, and the sun is bright, I can still see the GPS on screen, and I know where to go. Whenever I am backstage at a show during a play (I’m a theatre major, specializing in script writing, directing, and producing plays and other live entertainment) as an assistant stage manager, I am able to put my phone in its theatre/show focus mode. This puts the phone on its lowest brightness, changes the background to black, and the clock is a dark blue (we use blue light backstage so it is less visible), in order to not have unnecessary light that distracts the audience. With iOS 18, I can make all of the apps blue as well. With the LCD display, the pixels are backlit by a white light, so there is still some light. With an OLED display, when the screen is black, the pixels are turned off. This means that the information I need on my phone is the only visible light coming from my phone. *Part 3.4: Bluetooth and connectivity* Again, I’m putting these two together since they go hand in hand, especially because I charge my Sony Bluetooth headphones with a USB-C charger. If I’m listening to music while writing, and I need to take the trash out, I can leave my phone in my room, go from the 3rd floor of my house, to the driveway, and drag my garbage can to the corner of my driveway, without losing connection to my phone. When I come back, and my headphones are low on battery, I can take the charger from my phone, and use it to charge my headphones, while I go off and run some errands. The fact that my phone uses USB-C while being an iPhone (let’s be honest, most people buy iPhones because they’re iPhones, no matter the spreadsheet facts) is a huge deal for me. If I’m on the bus or at school, and my phone is low on battery, I don’t have to go around looking like an idiot while asking “does anyone have an iPhone charger?”. Instead, I can ask for a charger, I can borrow almost any charger, whether it’s for headphones, a laptop, vape, Nintendo switch, game controller, cameras, or speakers, because it is USB-C. That level of convenience is what I miss about my old Samsung, and I’m happy that I have it back. *Part 3.5: the other stuff that most reviewers talk about (battery, storage, processing speed, and cameras)* Most reviews focus on these, so I’ll simply touch the surface on these battery, the storage, the processor, and the cameras. The battery lasts all day, and the charger the phone came does its job well. When I started writing this about an hour ago, my phone was at 13%, now it’s 80%. I got to 13% between yesterday afternoon and this morning, even though I was doing a photography session for a personal project. Speaking of photography, the cameras are more than sufficient for everyday use. The quality is phenomenal, each lens can capture those special moments, or that one stupidly angled picture you spam to your friends. The processor and storage is good for my needs, and I’m in fine arts. If you’re an everyday user, it will work for your everyday tasks, and even some demanding challenges. I was able to take in-depth, and complicated pictures for my project, and my phone was able to store it, and I can upload it to my hardrive (albeit, it’s slow, so I mostly use iCloud and OneDrive). **Conclusion** My iPhone 15 is a significant improvement over my iPhone Xr, and I am very happy with the upgrade. The 5 years of change is indescribable, since you need to live it to experience it. I use my phone like a Swiss Army knife. The quality of the Swiss Army knife is excellent, and if you have a problem, it probably has a solution. Do you need to sharpen a stick to roast marshmallows over the fireplace? The knife will make short work and get straight to the point. However, if a bear attacks you by the campfire, the knife will probably not help you. Just like a Swiss Army knife, the iPhone 15 will meet most of your needs, yet it has its limits. But if you need specific tools for specific tasks, there is a huge market of tools, software, and accessories that will work seamlessly with the iPhone 15 thanks to USB-C and MagSafe. The phone itself is excellent, from performance and cameras to storage and battery. The experience of using it is phenomenal, thanks to Dynamic Island, the screen, processor, Bluetooth, and speakers. As for flaws, I haven’t experienced much that I couldn’t handle. I hope that this review helps you make an informed decision. If you want my, or someone else’s advice, feel free to comment, and most people here will probably have an answer. Good luck in your search!"
11bjl9p,"iPhone 14 Pro - photos are grainy, always jumping focus, and post-processing is awful. Is this software or do I need to visit Apple care?",2023-02-25 04:11:37,princesssquid,['Discussion'],"I just want to rant a little. I had an iPhone 7. The only reason I finally saved my money to upgrade was because the phone battery and function was shot on my 7. But it still took photos, and for the most part, they were decent. I never expect professional level photography off my phone because I own a Nikon and a Drone for that. But, because I was upgrading - I went all out and bought the newest iPhone I could, the iPhone 14 Pro. I figured that as someone who dabbles in professional photography, I might as well get the highest quality photography that I can. Famous last words… My photos are frustratingly bad. I had searched so many reviews on the iPhone 14 Pro but somehow it was only after purchase that I’ve read so much negative experiences with the camera. I don’t know how I missed those. I agonized on this decision for months. The only time my photos or videos look like an improvement is in cinematic mode. Everything else, the camera hops between the 3 and goes blurry during videos. I can’t do any macro photography like I used to be able to do with my ancient iPhone. My photos always look post-processed HDR even though I don’t have HDR on, and on Live Photos the lightning and focus are different - then suddenly it’s like BOOM, high contrast and strange light. I’m so disappointed and frustrated. Is there a solution?"
1p70vtd,iPhone 17 pro max user battery review after 4 days,2025-11-25 22:46:16,RelationshipKnown249,['Help'],"So, I got my 17 pro max in silver this past weekend. Came from a 14 pro. And I don’t know, but I’m not that pleased with the purchase all because of one thing: the battery. The main reason why I upgraded even was because of how terrible my 14 pro battery was. It could barely get me through the day even with power saving mode on throughout on a full charge . And I wouldn’t classify myself as a heavy user but my screen on time seems to say otherwise lol. My 17 pro max does have some improvements over the 14 pro in this department. I’m able to use the phone day to day for much longer. But…it doesn’t seem as drastic as people on the internet make it seem. Let me use my weekday schedule as an example. I charged my phone up to 85 percent on Monday. Used the phone with mobile data on from 5AM(albeit with some pauses), and by 4 PM, I was at around 10 percent. Since then, the cycle is as follows. Get home around 6-7 PM, battery runs down to about 65 percent by 10 PM. I lose about 4 percent whilst I’m asleep. Then start my day with 60 percent and need to charge again by 1 PM. Am I being too paranoid? Are these good numbers? Or is my phone still “indexing”? Do I need to set my charge limit to a 100 to get the full power of the battery? I’ve even put in some battery saving measures like background app refresh to save more. I don’t know, seems the hype around the battery really isn’t the reality for me. And it’s making me a bit disappointed. Any help?"
7cwjqm,iPhone X real review by Flossy,2017-11-14 08:02:25,mpinzon93,[],"It's a long review like all of his reviews, but I think he's a really good reviewer when it comes to the type of stuff casual phone owners like. Keep in mind he always goes through negatives first, but it seems he really likes the phone. **Edit:** Tldw ended up pretty long, so his TLDR is in the bottom **TL;DW:** if he had to choose between iphone x or 8+, he'd choose 8+ because of price, he could buy an 8+ and an apple watch for near the same price. He's not a fan of the notch. He prefers the fingerprint sensor cause it's more accessible for him. He prefers the width on the 8+ cause of his fat fingers. Better battery life on the 8+. **Negatives:** 1. Price 2. doesn't have expandable memory especially with 4k video 3. no headphone jack(not a big deal, but a bit of a hassle, also best quality still requires cable) 4. he doesnt like removing the fingerprint sensor(likes Face ID, but prefers the choice of having both like the Note) 5. not including the fast charger on such an expensive phone (thinks its really greedy) 6. no real multi tasking (i.e split screen like the iPad or Android Oreo) 7. iOS 11 (used to iOS being easy to use and not buggy, he's having tons of issues with iOS 11 with lag and force closes, although he hopes it improves soon, but not something a consumer would like to see after buying a +1000 dollar phone) **Petty things (Nitpicks, things that bother him but may not bother others,but things he should mention..)** 1. no nfc (not many people use it, so its fine for most people, but he loves nfc so for him its a must) 2. no always on display (since he uses it on the dock, nice to see time, date, notifications without touching it) 3. no customization (no widgets, he loves widgets, likes that on android everyones home screen looks different, and misses the app drawer) 4. can't clear all apps easily 5. no homescreen rotation (likes using phone on car in the mount in landscape, but can't on the new iPhone X) 6. really petty, but thinks more colours should have come out, to add differentiation on an expensive phone like that. **What he likes!** Actually loves the phone, just needs to be thorough on his feelings. 1. Build Quality: so nice it'll ease the pain of how much it costs (calls it the lubrication lol), likes how heavy it feels, feels premium. 2. Water resistance. 3. Wireless Charging: (people think its a gimmick, but its a convenience that he really likes) 4. Face ID: (with require attention off, its a lot faster and more convenient, without it its slow), although thinks LG V30 face unlock is the best on the market right now. 5. The display: loves the blacks on amoled displays (although still not a fan of the ""lebron hairline"") 6. The Gesture UI: (after he got used to them, he thinks its faster than the button, just a bit of a learning curve) 7. The speakers: (some of the best speakers in the game, great viewing experience with a great screen and great speakers, also the speakers arent super noticable like other phones) 8. The Camera: (no pro mode, but point and shoot dream, on auto mode pictures and videos come out beautiful, and beautiful sound too) 9. Battery life: Can get a good days worth of battery easy if you keep the brightness lower than max (he likes max brightness though) 10. Processor: Super fast, no hiccups (besides iOS 11 bugs, but not attributed to the A11) 11. minimal lag, and lag only from iOS 11 which will probbly be fixed soon. 12. Animojis: loves sending it to his daughter to be corny (mentioned it in his early impressions), just wishes there were more cause novelty will wear off. 13. iMessage: His favourite messaging app by far. 14. Floss Factor (Basically compared to other phones, which phone stands out the most). Probably the number 1 phone right now in terms of Floss factor. Thinks thats why the camera is vertical, to differentiate it. You a baller. 15. Loves that with iPhones theres guaraneed to be a large choice of accesories. **TLDR:** He thinks its a major major major go. Dislikes some things, but the things he likes outweigh the dislikes."
